healthy_life_expectancy_period,council_area_code,council_area,sex,age_group,healthy_life_expectancy_years,healthy_life_expectancy_lower_95_ci,healthy_life_expectancy_upper_95_ci,simd_datazone_count,simd_rank_median,simd_most_deprived_15pct_datazones_share_pct,simd_least_deprived_15pct_datazones_share_pct,simd_most_deprived_quintile_datazones_share_pct,simd_least_deprived_quintile_datazones_share_pct,economic_population_aged_16plus_count,economic_employment_rate_pct,economic_unemployment_rate_pct,economic_inactivity_rate_pct,economic_inactive_long_term_sick_disabled_rate_pct,economic_inactive_retired_rate_pct,economic_inactive_looking_after_home_family_rate_pct,economic_active_full_time_student_rate_pct,economic_part_time_among_employed_pct,economic_self_employed_among_employed_pct,census_total_population_count,census_ethnic_minority_excluding_white_population_pct,census_ethnic_mixed_or_multiple_population_pct,census_ethnic_asian_population_pct,census_ethnic_african_population_pct,census_ethnic_caribbean_or_black_population_pct,census_ethnic_other_ethnic_group_population_pct,census_ethnic_diversity_simpson_index_broad_groups,census_degree_level_qualification_or_above_population_aged_16plus_pct,census_bad_or_very_bad_general_health_age_standardised_pct,census_day_to_day_activities_limited_any_pct,census_day_to_day_activities_limited_a_lot_pct,census_long_term_illness_disease_or_condition_pct,census_mental_health_condition_pct,census_physical_disability_pct,census_learning_disability_difficulty_or_developmental_disorder_pct,census_deaf_or_hearing_impaired_pct,census_blind_or_vision_impaired_pct,hospital_alcohol_related_patients_easr_per_100000_2023_24,sex_female,hle_ci_width_years,hle_category,hle_category_code,deprivation_quartile
2022 to 2024,S12000033,Aberdeen City,Female,<1,59.0,54.8,63.3,283,4429.0,4.946996,31.095406,10.954064,36.39576,97378,56.753065,3.651749,39.595186,3.777034,21.430919,5.164411,8.048019,41.536235,7.574414,224021,13.43624,1.781083,5.843649,3.95945,0.245066,1.605653,0.245108,38.1,5.5,20.151236,8.059066,18.370599,11.167257,7.580093,5.117824,6.00658,2.307373,335.0,1,8.5,Middle HLE,1,Q2
2022 to 2024,S12000033,Aberdeen City,Male,<1,58.8,55.0,62.6,283,4429.0,4.946996,31.095406,10.954064,36.39576,91450,63.61181,4.592674,31.797704,3.920175,17.986878,1.003827,6.400219,16.38217,12.706926,224021,13.43624,1.781083,5.843649,3.95945,0.245066,1.605653,0.245108,38.1,5.5,20.151236,8.059066,18.370599,11.167257,7.580093,5.117824,6.00658,2.307373,335.0,0,7.600000000000001,Middle HLE,1,Q2
2022 to 2024,S12000034,Aberdeenshire,Female,<1,64.7,60.6,68.7,340,4922.5,1.470588,16.470588,2.647059,28.235294,110242,57.939805,1.743437,40.315851,3.50683,26.497161,6.141035,3.140364,48.063375,11.359865,263723,2.922005,0.786431,1.114427,0.497871,0.096692,0.425446,0.057356,31.1,4.2,19.807525,7.556793,19.767332,8.290138,7.351653,4.505106,7.463892,2.346401,190.2,1,8.100000000000001,High HLE,2,Q1: least exposed
2022 to 2024,S12000034,Aberdeenshire,Male,<1,64.1,59.9,68.3,340,4922.5,1.470588,16.470588,2.647059,28.235294,104780,66.297958,2.288605,31.413438,2.839282,22.666539,0.955335,2.250429,11.527776,18.424576,263723,2.922005,0.786431,1.114427,0.497871,0.096692,0.425446,0.057356,31.1,4.2,19.807525,7.556793,19.767332,8.290138,7.351653,4.505106,7.463892,2.346401,190.2,0,8.399999999999999,High HLE,2,Q1: least exposed
2022 to 2024,S12000041,Angus,Female,<1,62.9,58.7,67.2,155,3894.0,4.516129,7.096774,8.387097,12.258065,50122,52.525837,1.947249,45.534895,4.69255,31.329556,4.923985,3.268026,44.748737,10.426558,114342,2.185549,0.65068,0.989138,0.15305,0.059471,0.331462,0.043079,28.3,5.6,24.675098,10.398629,23.824142,10.249077,9.750573,4.857358,8.579525,2.626332,344.3,1,8.5,High HLE,2,Q2
2022 to 2024,S12000041,Angus,Male,<1,62.2,58.7,65.8,155,3894.0,4.516129,7.096774,8.387097,12.258065,45925,58.656505,2.956995,38.384322,4.191617,27.703865,1.217202,2.131737,14.113891,18.438637,114342,2.185549,0.65068,0.989138,0.15305,0.059471,0.331462,0.043079,28.3,5.6,24.675098,10.398629,23.824142,10.249077,9.750573,4.857358,8.579525,2.626332,344.3,0,7.099999999999994,High HLE,2,Q2
2022 to 2024,S12000035,Argyll and Bute,Female,<1,58.9,53.0,64.8,125,3664.0,8.8,6.4,10.4,8.8,37772,52.652759,1.511702,45.840834,4.638356,32.277878,4.490098,1.866462,43.448311,14.923572,85970,2.279865,0.771199,0.882866,0.179132,0.095382,0.351285,0.044924,34.0,5.6,25.277422,10.631616,23.559381,9.306735,10.237292,4.755147,9.019425,2.825404,439.8,1,11.799999999999997,Middle HLE,1,Q2
2022 to 2024,S12000035,Argyll and Bute,Male,<1,58.8,54.2,63.4,125,3664.0,8.8,6.4,10.4,8.8,35641,59.36141,2.14921,38.48938,4.318061,28.164193,1.259785,1.357987,15.106111,24.625419,85970,2.279865,0.771199,0.882866,0.179132,0.095382,0.351285,0.044924,34.0,5.6,25.277422,10.631616,23.559381,9.306735,10.237292,4.755147,9.019425,2.825404,439.8,0,9.199999999999996,Middle HLE,1,Q2
2022 to 2024,S12000036,City of Edinburgh,Female,<1,63.9,60.8,67.1,597,5049.0,8.710218,38.525963,12.060302,43.383585,229062,58.404275,2.45654,39.136566,3.462818,19.962281,4.306694,6.800342,37.987921,10.584384,514543,15.120408,2.503581,8.564882,1.838913,0.275779,1.936864,0.270862,50.0,5.4,19.542196,7.623464,18.069627,11.902407,6.714696,5.727801,5.637235,2.191071,334.3,1,6.299999999999997,High HLE,2,Q3
2022 to 2024,S12000036,City of Edinburgh,Male,<1,63.2,60.1,66.2,597,5049.0,8.710218,38.525963,12.060302,43.383585,210465,64.223505,2.953935,32.82256,3.762621,16.914926,1.093769,5.769605,19.28267,16.344845,514543,15.120408,2.503581,8.564882,1.838913,0.275779,1.936864,0.270862,50.0,5.4,19.542196,7.623464,18.069627,11.902407,6.714696,5.727801,5.637235,2.191071,334.3,0,6.100000000000001,High HLE,2,Q3
2022 to 2024,S12000005,Clackmannanshire,Female,<1,54.9,49.5,60.2,72,2721.5,19.444444,6.944444,27.777778,16.666667,22213,54.179985,2.04835,43.803178,6.460181,26.660064,5.316706,3.092784,41.960947,8.300789,51778,3.109429,0.621886,1.502569,0.345707,0.04442,0.594847,0.06091,26.0,7.3,25.980146,11.682568,22.273939,12.412608,10.60489,5.396114,7.738808,2.57059,344.3,1,10.700000000000003,Low HLE,0,Q4: most exposed
2022 to 2024,S12000005,Clackmannanshire,Male,<1,54.8,49.6,60.0,72,2721.5,19.444444,6.944444,27.777778,16.666667,20852,57.19835,3.083637,39.718013,5.90351,23.94015,1.616152,1.990217,14.236606,14.328834,51778,3.109429,0.621886,1.502569,0.345707,0.04442,0.594847,0.06091,26.0,7.3,25.980146,11.682568,22.273939,12.412608,10.60489,5.396114,7.738808,2.57059,344.3,0,10.399999999999999,Low HLE,0,Q4: most exposed
2022 to 2024,S12000006,Dumfries and Galloway,Female,<1,59.1,52.6,65.5,201,3283.0,6.965174,5.472637,9.452736,7.960199,64402,51.198721,1.549641,47.251638,5.48896,32.422906,4.922207,2.47042,47.981682,12.786219,145895,1.926043,0.627163,0.73546,0.187806,0.069228,0.306385,0.038043,26.0,6.5,27.203126,11.994242,23.650571,10.236814,11.587786,4.564241,9.210048,2.953494,330.3,1,12.899999999999999,Middle HLE,1,Q2
2022 to 2024,S12000006,Dumfries and Galloway,Male,<1,58.8,54.7,62.9,201,3283.0,6.965174,5.472637,9.452736,7.960199,59330,57.586381,2.10686,40.318557,5.101972,28.951626,1.464689,1.596157,15.079319,24.313645,145895,1.926043,0.627163,0.73546,0.187806,0.069228,0.306385,0.038043,26.0,6.5,27.203126,11.994242,23.650571,10.236814,11.587786,4.564241,9.210048,2.953494,330.3,0,8.199999999999996,Middle HLE,1,Q2
2022 to 2024,S12000042,Dundee City,Female,<1,55.7,51.3,60.0,188,2040.0,31.914894,11.170213,38.297872,15.425532,65092,52.233761,3.278437,44.487802,5.90856,22.640263,5.080501,7.959503,42.897059,6.635294,148697,10.138739,1.324842,5.92211,1.405543,0.125759,1.360485,0.188428,31.3,7.8,25.697223,11.6001,21.578109,14.073586,10.272568,6.30813,6.841429,2.75325,523.6,1,8.700000000000003,Low HLE,0,Q4: most exposed
2022 to 2024,S12000042,Dundee City,Male,<1,55.9,52.0,59.7,188,2040.0,31.914894,11.170213,38.297872,15.425532,60135,56.484576,4.83246,38.687952,5.732103,19.492808,1.902386,6.349048,20.678894,14.593576,148697,10.138739,1.324842,5.92211,1.405543,0.125759,1.360485,0.188428,31.3,7.8,25.697223,11.6001,21.578109,14.073586,10.272568,6.30813,6.841429,2.75325,523.6,0,7.700000000000003,Low HLE,0,Q4: most exposed
2022 to 2024,S12000008,East Ayrshire,Female,<1,53.5,48.1,58.9,163,2293.0,22.08589,7.97546,31.90184,10.429448,51998,53.419362,2.45971,44.124774,6.625255,26.835648,5.471364,3.480903,42.603593,8.291032,120324,2.16665,0.58758,1.036368,0.191982,0.081447,0.270935,0.04271,23.4,7.7,27.100163,12.814567,23.783285,11.680961,11.660184,4.971577,7.36179,2.79994,375.2,1,10.799999999999997,Low HLE,0,Q4: most exposed
2022 to 2024,S12000008,East Ayrshire,Male,<1,54.2,49.6,58.8,163,2293.0,22.08589,7.97546,31.90184,10.429448,47959,58.462437,3.407077,38.124231,6.234492,23.670218,1.92039,2.170604,13.713532,17.091091,120324,2.16665,0.58758,1.036368,0.191982,0.081447,0.270935,0.04271,23.4,7.7,27.100163,12.814567,23.783285,11.680961,11.660184,4.971577,7.36179,2.79994,375.2,0,9.199999999999996,Low HLE,0,Q4: most exposed
2022 to 2024,S12000045,East Dunbartonshire,Female,<1,64.6,60.7,68.5,130,5631.5,3.076923,40.769231,3.846154,50.0,47129,53.845827,1.459823,44.69435,3.781111,31.700227,4.211844,3.49042,41.100209,9.260354,108937,6.555165,1.095128,4.331862,0.365349,0.070683,0.695815,0.124748,42.9,5.0,21.494993,9.385241,20.961657,8.1157,8.575599,3.916943,7.567677,2.298576,239.5,1,7.799999999999997,High HLE,2,Q1: least exposed
2022 to 2024,S12000045,East Dunbartonshire,Male,<1,63.9,60.8,67.0,130,5631.5,3.076923,40.769231,3.846154,50.0,42588,59.906546,2.244764,37.86043,3.31314,26.566169,1.000282,3.122945,15.556775,17.947713,108937,6.555165,1.095128,4.331862,0.365349,0.070683,0.695815,0.124748,42.9,5.0,21.494993,9.385241,20.961657,8.1157,8.575599,3.916943,7.567677,2.298576,239.5,0,6.200000000000003,High HLE,2,Q1: least exposed
2022 to 2024,S12000010,East Lothian,Female,<1,60.4,55.9,64.9,132,3791.5,2.272727,12.878788,6.818182,18.939394,48592,57.585611,1.636072,40.786549,4.192048,26.821287,4.700362,3.288607,43.878207,11.31799,112284,3.06366,1.036657,1.218339,0.280539,0.088169,0.441737,0.060051,34.6,5.4,22.434185,9.196324,21.255922,10.346087,8.572904,4.809234,7.416907,2.497239,256.2,1,9.000000000000007,Middle HLE,1,Q2
2022 to 2024,S12000010,East Lothian,Male,<1,60.2,56.0,64.4,132,3791.5,2.272727,12.878788,6.818182,18.939394,43509,63.501804,2.09382,34.402078,3.842883,23.997334,1.165276,2.211037,14.340005,19.103116,112284,3.06366,1.036657,1.218339,0.280539,0.088169,0.441737,0.060051,34.6,5.4,22.434185,9.196324,21.255922,10.346087,8.572904,4.809234,7.416907,2.497239,256.2,0,8.400000000000006,Middle HLE,1,Q2
2022 to 2024,S12000011,East Renfrewshire,Female,<1,68.7,64.3,73.0,122,5934.5,3.278689,48.360656,6.557377,55.737705,41034,54.557196,1.647414,43.788078,3.467856,29.580348,5.149388,4.116099,42.59615,9.996873,96817,12.529824,1.237386,9.457017,0.465827,0.057841,1.311753,0.225606,44.6,4.9,19.748598,8.691655,19.654606,7.509012,7.778593,4.248221,6.870694,2.185567,237.7,1,8.700000000000003,High HLE,2,Q2
2022 to 2024,S12000011,East Renfrewshire,Male,<1,67.9,64.0,71.8,122,5934.5,3.278689,48.360656,6.557377,55.737705,36423,62.721357,2.188178,35.082228,3.039288,24.51473,1.046042,3.744886,16.5638,18.656161,96817,12.529824,1.237386,9.457017,0.465827,0.057841,1.311753,0.225606,44.6,4.9,19.748598,8.691655,19.654606,7.509012,7.778593,4.248221,6.870694,2.185567,237.7,0,7.799999999999997,High HLE,2,Q2
2022 to 2024,S12000014,Falkirk,Female,<1,59.2,55.5,62.8,214,3145.0,11.214953,10.747664,17.28972,17.757009,68227,57.285239,2.010934,40.705293,5.63853,25.259795,5.020007,3.554311,40.543445,7.256166,158404,3.475922,0.710209,2.048559,0.374991,0.073862,0.267039,0.067818,25.7,7.0,24.584606,11.161966,21.92432,11.570415,10.094442,5.052271,7.350193,2.359158,378.4,1,7.299999999999997,Middle HLE,1,Q3
2022 to 2024,S12000014,Falkirk,Male,<1,58.8,55.3,62.4,214,3145.0,11.214953,10.747664,17.28972,17.757009,63170,63.807187,2.88903,33.297451,4.815577,21.689093,1.380402,2.300142,12.211278,13.687449,158404,3.475922,0.710209,2.048559,0.374991,0.073862,0.267039,0.067818,25.7,7.0,24.584606,11.161966,21.92432,11.570415,10.094442,5.052271,7.350193,2.359158,378.4,0,7.100000000000001,Middle HLE,1,Q3
2022 to 2024,S12000047,Fife,Female,<1,59.0,55.4,62.7,494,3439.5,15.991903,14.777328,19.838057,19.02834,161704,52.46809,2.24175,45.287068,5.445753,27.192896,5.381438,3.695641,42.74012,9.22999,371781,4.00666,0.890847,2.15557,0.364462,0.084996,0.510785,0.077944,28.6,6.7,25.700883,11.126981,23.444178,11.87285,10.351524,5.763877,7.783077,2.759151,464.1,1,7.300000000000004,Middle HLE,1,Q3
2022 to 2024,S12000047,Fife,Male,<1,58.9,56.0,61.7,494,3439.5,15.991903,14.777328,19.838057,19.02834,148232,58.668843,3.209833,38.123347,4.878164,24.141886,1.647418,2.626963,14.58846,15.527907,371781,4.00666,0.890847,2.15557,0.364462,0.084996,0.510785,0.077944,28.6,6.7,25.700883,11.126981,23.444178,11.87285,10.351524,5.763877,7.783077,2.759151,464.1,0,5.700000000000003,Middle HLE,1,Q3
2022 to 2024,S12000049,Glasgow City,Female,<1,56.1,52.4,59.7,746,1690.0,39.678284,7.774799,45.978552,10.857909,270201,53.345843,3.280151,43.372526,7.622104,16.798976,6.78754,6.7905,38.81824,7.64321,620756,19.287127,1.711462,11.082132,3.587883,0.236969,2.669487,0.333963,34.7,10.8,26.046144,13.033301,20.119661,14.37022,10.604972,5.892815,5.624271,2.434612,596.9,1,7.300000000000004,Low HLE,0,Q4: most exposed
2022 to 2024,S12000049,Glasgow City,Male,<1,55.7,52.1,59.2,746,1690.0,39.678284,7.774799,45.978552,10.857909,254990,58.985058,4.455861,36.557512,7.743049,13.876623,2.344013,5.72846,20.667394,15.796577,620756,19.287127,1.711462,11.082132,3.587883,0.236969,2.669487,0.333963,34.7,10.8,26.046144,13.033301,20.119661,14.37022,10.604972,5.892815,5.624271,2.434612,596.9,0,7.100000000000001,Low HLE,0,Q4: most exposed
2022 to 2024,S12000017,Highland,Female,<1,62.0,55.2,68.7,312,3787.0,7.051282,5.448718,10.576923,7.371795,101872,56.484608,1.558819,41.957555,4.66664,28.038126,4.794252,2.546333,45.502416,13.172987,235351,2.594423,0.825575,1.161244,0.176332,0.089653,0.340768,0.050997,31.2,5.5,23.78405,9.789633,22.153294,9.578035,9.262336,5.064351,8.10789,2.50137,351.1,1,13.5,Middle HLE,1,Q2
2022 to 2024,S12000017,Highland,Male,<1,61.0,55.7,66.3,312,3787.0,7.051282,5.448718,10.576923,7.371795,96238,63.314907,2.175856,34.508198,4.094017,24.048713,1.333153,1.905692,14.985312,21.361167,235351,2.594423,0.825575,1.161244,0.176332,0.089653,0.340768,0.050997,31.2,5.5,23.78405,9.789633,22.153294,9.578035,9.262336,5.064351,8.10789,2.50137,351.1,0,10.599999999999994,Middle HLE,1,Q2
2022 to 2024,S12000018,Inverclyde,Female,<1,53.6,48.3,59.0,114,1974.0,36.842105,7.017544,45.614035,14.035088,34945,51.383603,1.911575,46.707684,7.900987,27.820861,5.102304,3.662899,42.052796,5.641568,78426,2.658557,0.682172,1.138653,0.237166,0.100732,0.501109,0.052256,24.6,8.6,29.297682,14.579349,23.878561,13.148701,12.731747,5.555556,8.520134,3.130339,574.8,1,10.700000000000003,Low HLE,0,Q4: most exposed
2022 to 2024,S12000018,Inverclyde,Male,<1,54.1,49.7,58.6,114,1974.0,36.842105,7.017544,45.614035,14.035088,31470,56.415634,3.454083,40.130283,7.956784,23.632031,2.036861,2.675564,15.624648,13.118171,78426,2.658557,0.682172,1.138653,0.237166,0.100732,0.501109,0.052256,24.6,8.6,29.297682,14.579349,23.878561,13.148701,12.731747,5.555556,8.520134,3.130339,574.8,0,8.899999999999999,Low HLE,0,Q4: most exposed
2022 to 2024,S12000019,Midlothian,Female,<1,60.9,54.6,67.2,115,2943.0,4.347826,9.565217,10.434783,13.913043,40931,60.616648,1.434121,37.951675,4.707923,24.316533,4.656617,2.900002,40.69969,7.649833,96527,4.534483,1.063951,2.298839,0.491054,0.098418,0.582221,0.087933,29.5,6.2,22.806054,9.71956,20.70716,10.737928,8.81515,5.687528,6.950387,2.348566,273.6,1,12.600000000000001,Middle HLE,1,Q2
2022 to 2024,S12000019,Midlothian,Male,<1,60.3,55.0,65.6,115,2943.0,4.347826,9.565217,10.434783,13.913043,37388,66.537392,2.161121,31.304162,4.145715,21.009415,1.438964,2.150423,14.382763,16.215782,96527,4.534483,1.063951,2.298839,0.491054,0.098418,0.582221,0.087933,29.5,6.2,22.806054,9.71956,20.70716,10.737928,8.81515,5.687528,6.950387,2.348566,273.6,0,10.599999999999994,Middle HLE,1,Q2
2022 to 2024,S12000020,Moray,Female,<1,62.5,57.6,67.4,126,4043.0,1.587302,7.936508,3.174603,11.111111,39858,54.844699,1.828993,43.338853,4.26765,28.714436,5.632495,2.375935,48.357731,11.747484,93293,2.398894,0.758899,0.978637,0.167215,0.11898,0.377306,0.047231,26.9,5.2,22.834511,9.096074,21.326359,9.703836,8.790585,4.879251,8.091711,2.726893,235.3,1,9.800000000000004,High HLE,2,Q1: least exposed
2022 to 2024,S12000020,Moray,Male,<1,61.3,57.3,65.4,126,4043.0,1.587302,7.936508,3.174603,11.111111,37892,62.923572,2.559907,34.508603,3.705268,24.577747,1.161195,1.464689,12.091599,15.925009,93293,2.398894,0.758899,0.978637,0.167215,0.11898,0.377306,0.047231,26.9,5.2,22.834511,9.096074,21.326359,9.703836,8.790585,4.879251,8.091711,2.726893,235.3,0,8.100000000000009,Middle HLE,1,Q1: least exposed
2022 to 2024,S12000013,Na h-Eileanan Siar,Female,<1,64.5,51.0,77.9,36,3418.5,0.0,0.0,0.0,0.0,11286,56.379585,1.275917,42.371079,4.235336,30.586567,3.721425,1.922736,44.853057,10.702499,26140,1.664116,0.623565,0.596787,0.091813,0.042081,0.325172,0.032919,31.1,5.4,24.299923,10.501148,22.318286,8.006886,10.191278,3.638103,8.546289,2.953328,740.3,1,26.900000000000006,High HLE,2,Q1: least exposed
2022 to 2024,S12000013,Na h-Eileanan Siar,Male,<1,63.4,54.7,72.2,36,3418.5,0.0,0.0,0.0,0.0,10888,62.224467,2.139971,35.635562,4.142175,25.275533,1.414401,1.386848,15.158672,22.346863,26140,1.664116,0.623565,0.596787,0.091813,0.042081,0.325172,0.032919,31.1,5.4,24.299923,10.501148,22.318286,8.006886,10.191278,3.638103,8.546289,2.953328,740.3,0,17.5,High HLE,2,Q1: least exposed
2022 to 2024,S12000021,North Ayrshire,Female,<1,53.5,48.1,58.9,186,2003.5,28.494624,6.451613,40.322581,9.139785,59307,50.08515,2.551132,47.351915,6.962079,29.333805,5.530544,3.289662,43.980609,8.224482,133413,2.077009,0.570409,0.879974,0.161154,0.06671,0.398762,0.04098,24.1,8.3,28.559436,13.913187,24.808677,12.11651,12.445564,4.790388,8.122897,2.991463,469.5,1,10.799999999999997,Low HLE,0,Q4: most exposed
2022 to 2024,S12000021,North Ayrshire,Male,<1,53.3,48.5,58.0,186,2003.5,28.494624,6.451613,40.322581,9.139785,52859,55.400216,3.738247,40.85397,6.583552,26.330426,1.935337,2.273974,14.697446,15.933616,133413,2.077009,0.570409,0.879974,0.161154,0.06671,0.398762,0.04098,24.1,8.3,28.559436,13.913187,24.808677,12.11651,12.445564,4.790388,8.122897,2.991463,469.5,0,9.5,Low HLE,0,Q4: most exposed
2022 to 2024,S12000050,North Lanarkshire,Female,<1,52.3,48.0,56.5,447,2138.0,25.503356,4.9217,34.675615,10.290828,145819,56.581104,2.274052,41.144844,7.128701,22.481981,5.717362,4.162695,39.089278,5.713524,340973,4.03727,0.624683,2.442422,0.543445,0.069214,0.357506,0.078437,23.1,9.1,26.4235,13.219522,21.985318,11.912087,11.489179,4.387444,6.698771,2.542137,472.6,1,8.5,Low HLE,0,Q4: most exposed
2022 to 2024,S12000050,North Lanarkshire,Male,<1,52.9,48.5,57.2,447,2138.0,25.503356,4.9217,34.675615,10.290828,134883,63.231097,3.292483,33.47642,6.157929,19.046878,1.916476,2.768325,12.999484,14.453381,340973,4.03727,0.624683,2.442422,0.543445,0.069214,0.357506,0.078437,23.1,9.1,26.4235,13.219522,21.985318,11.912087,11.489179,4.387444,6.698771,2.542137,472.6,0,8.700000000000003,Low HLE,0,Q4: most exposed
2022 to 2024,S12000023,Orkney Islands,Female,<1,74.1,63.2,85.0,29,4412.0,0.0,0.0,0.0,0.0,9473,58.703684,1.224533,40.145677,3.895281,28.660403,3.895281,2.12182,50.872145,15.482827,21958,1.621277,0.664906,0.491848,0.13207,0.059204,0.255032,0.032086,31.9,4.3,23.827307,9.490846,22.76619,9.864286,9.68212,5.688132,8.206576,2.860005,350.1,1,21.799999999999997,High HLE,2,Q1: least exposed
2022 to 2024,S12000023,Orkney Islands,Male,<1,72.9,63.8,82.1,29,4412.0,0.0,0.0,0.0,0.0,8975,64.479109,1.649025,33.883008,3.62117,25.470752,0.857939,1.537604,15.5521,25.557284,21958,1.621277,0.664906,0.491848,0.13207,0.059204,0.255032,0.032086,31.9,4.3,23.827307,9.490846,22.76619,9.864286,9.68212,5.688132,8.206576,2.860005,350.1,0,18.299999999999997,High HLE,2,Q1: least exposed
2022 to 2024,S12000048,Perth and Kinross,Female,<1,66.4,62.7,70.0,186,4621.5,3.763441,14.516129,6.451613,22.043011,65739,54.838072,1.5379,43.628592,4.085855,30.295563,4.502654,2.820244,42.005548,12.929265,150953,3.22882,0.922141,1.509079,0.281545,0.063596,0.452459,0.063192,35.8,4.9,22.87202,9.280372,21.899532,9.754692,8.782866,5.330798,8.089935,2.541188,291.8,1,7.299999999999997,High HLE,2,Q1: least exposed
2022 to 2024,S12000048,Perth and Kinross,Male,<1,65.3,62.0,68.7,186,4621.5,3.763441,14.516129,6.451613,22.043011,61311,61.356037,2.249189,36.402929,3.50345,26.078518,1.0145,2.112182,15.10713,20.69488,150953,3.22882,0.922141,1.509079,0.281545,0.063596,0.452459,0.063192,35.8,4.9,22.87202,9.280372,21.899532,9.754692,8.782866,5.330798,8.089935,2.541188,291.8,0,6.700000000000003,High HLE,2,Q1: least exposed
2022 to 2024,S12000038,Renfrewshire,Female,<1,56.5,51.6,61.4,225,3124.0,22.666667,14.222222,24.888889,20.888889,80523,57.403475,2.037927,40.554873,5.610819,25.27725,4.242266,4.808564,38.279644,6.351816,183874,5.457542,0.857109,2.709464,1.175805,0.103875,0.615095,0.105188,30.5,7.4,24.756083,11.732491,21.769255,11.452951,10.291286,4.740746,7.084199,2.564256,441.9,1,9.799999999999997,Low HLE,0,Q3
2022 to 2024,S12000038,Renfrewshire,Male,<1,56.5,52.4,60.7,225,3124.0,22.666667,14.222222,24.888889,20.888889,73739,62.641208,3.110972,34.242395,5.390635,21.190957,1.48768,3.53273,15.015912,13.976749,183874,5.457542,0.857109,2.709464,1.175805,0.103875,0.615095,0.105188,30.5,7.4,24.756083,11.732491,21.769255,11.452951,10.291286,4.740746,7.084199,2.564256,441.9,0,8.300000000000004,Low HLE,0,Q3
2022 to 2024,S12000026,Scottish Borders,Female,<1,63.0,58.6,67.5,143,3961.0,4.895105,4.895105,6.293706,8.391608,51178,53.669546,1.541678,44.782915,4.304584,31.43929,4.482395,2.409238,45.698475,14.420941,116821,1.899487,0.721617,0.68652,0.142954,0.070193,0.281627,0.037519,32.0,5.1,23.586513,9.487164,21.992621,9.877505,9.18756,4.822763,8.49248,2.885611,224.7,1,8.899999999999999,High HLE,2,Q1: least exposed
2022 to 2024,S12000026,Scottish Borders,Male,<1,62.3,58.6,66.0,143,3961.0,4.895105,4.895105,6.293706,8.391608,47421,59.827924,2.338626,37.848211,4.067818,27.861074,1.172476,1.617427,15.833069,23.904691,116821,1.899487,0.721617,0.68652,0.142954,0.070193,0.281627,0.037519,32.0,5.1,23.586513,9.487164,21.992621,9.877505,9.18756,4.822763,8.49248,2.885611,224.7,0,7.399999999999999,High HLE,2,Q1: least exposed
2022 to 2024,S12000027,Shetland Islands,Female,<1,70.8,58.8,82.8,30,4446.0,0.0,0.0,0.0,0.0,9438,62.958254,1.080737,35.918627,3.485908,25.577453,3.475313,2.436957,48.670481,9.407607,22986,2.440616,0.852693,1.10067,0.18707,0.026103,0.282781,0.048011,29.6,4.8,21.987297,8.566084,21.987297,9.35352,8.191943,5.498999,7.626381,2.988776,257.3,1,24.0,High HLE,2,Q1: least exposed
2022 to 2024,S12000027,Shetland Islands,Male,<1,68.3,58.0,78.7,30,4446.0,0.0,0.0,0.0,0.0,9361,68.454225,1.367375,30.199765,3.001816,21.845957,0.89734,1.645123,12.890137,18.086767,22986,2.440616,0.852693,1.10067,0.18707,0.026103,0.282781,0.048011,29.6,4.8,21.987297,8.566084,21.987297,9.35352,8.191943,5.498999,7.626381,2.988776,257.3,0,20.700000000000003,High HLE,2,Q1: least exposed
2022 to 2024,S12000028,South Ayrshire,Female,<1,58.0,53.0,63.1,153,3048.0,13.071895,16.339869,18.300654,20.261438,49788,49.021853,2.006508,48.975657,5.764441,33.182695,5.125733,3.050936,44.38071,9.993035,111519,2.247151,0.565823,1.143303,0.121952,0.063666,0.352406,0.044261,30.5,6.6,26.511177,12.148602,24.154628,10.813404,10.938046,4.587559,8.20757,2.905335,361.4,1,10.100000000000001,Low HLE,0,Q3
2022 to 2024,S12000028,South Ayrshire,Male,<1,57.5,52.6,62.5,153,3048.0,13.071895,16.339869,18.300654,20.261438,44746,55.388191,2.949984,41.661825,5.086488,29.607116,1.564386,2.362222,16.325048,18.443351,111519,2.247151,0.565823,1.143303,0.121952,0.063666,0.352406,0.044261,30.5,6.6,26.511177,12.148602,24.154628,10.813404,10.938046,4.587559,8.20757,2.905335,361.4,0,9.899999999999999,Low HLE,0,Q3
2022 to 2024,S12000029,South Lanarkshire,Female,<1,57.8,53.8,61.8,431,3038.0,14.153132,10.904872,21.345708,16.009281,141855,56.339925,1.784216,41.873744,5.731909,25.615593,5.098164,3.674879,38.713229,7.371029,327056,4.252483,0.745744,2.482449,0.551893,0.06849,0.403906,0.082522,28.3,7.5,25.130253,11.866469,22.052493,11.075779,10.504929,4.619698,7.140673,2.522504,402.0,1,8.0,Low HLE,0,Q3
2022 to 2024,S12000029,South Lanarkshire,Male,<1,58.1,54.6,61.5,431,3038.0,14.153132,10.904872,21.345708,16.009281,129919,63.016187,2.787891,34.193613,5.177072,21.799737,1.504784,2.650113,13.4738,16.299011,327056,4.252483,0.745744,2.482449,0.551893,0.06849,0.403906,0.082522,28.3,7.5,25.130253,11.866469,22.052493,11.075779,10.504929,4.619698,7.140673,2.522504,402.0,0,6.899999999999999,Low HLE,0,Q3
2022 to 2024,S12000030,Stirling,Female,<1,60.3,56.4,64.3,121,4662.0,7.438017,21.487603,12.396694,26.446281,40938,54.455518,2.68699,42.859935,4.150178,25.260149,4.687576,6.780986,44.803301,11.626968,92604,4.797849,1.044231,2.565764,0.494579,0.131744,0.561531,0.09283,39.6,5.4,22.066001,9.231783,20.180554,10.661526,8.344132,5.488964,7.215671,2.314155,318.2,1,7.899999999999999,Middle HLE,1,Q3
2022 to 2024,S12000030,Stirling,Male,<1,60.2,56.9,63.6,121,4662.0,7.438017,21.487603,12.396694,26.446281,36958,60.844743,3.222577,35.921857,4.064073,21.803128,1.371827,5.34661,17.650198,18.890915,92604,4.797849,1.044231,2.565764,0.494579,0.131744,0.561531,0.09283,39.6,5.4,22.066001,9.231783,20.180554,10.661526,8.344132,5.488964,7.215671,2.314155,318.2,0,6.700000000000003,Middle HLE,1,Q3
2022 to 2024,S12000039,West Dunbartonshire,Female,<1,53.0,48.6,57.3,121,2001.0,31.404959,4.132231,39.669421,5.785124,38588,55.514668,2.132787,42.360319,7.486783,24.686431,4.897896,3.882036,40.761834,5.125572,88399,3.178769,0.731909,1.325807,0.583717,0.070137,0.466069,0.062279,21.7,8.7,27.65529,13.733187,23.034197,12.658514,11.838369,5.170873,7.28515,2.57469,554.1,1,8.699999999999996,Low HLE,0,Q4: most exposed
2022 to 2024,S12000039,West Dunbartonshire,Male,<1,53.2,49.5,56.9,121,2001.0,31.404959,4.132231,39.669421,5.785124,34788,60.009199,3.552949,36.432103,7.080028,21.553409,1.80522,2.564103,14.65798,13.37421,88399,3.178769,0.731909,1.325807,0.583717,0.070137,0.466069,0.062279,21.7,8.7,27.65529,13.733187,23.034197,12.658514,11.838369,5.170873,7.28515,2.57469,554.1,0,7.399999999999999,Low HLE,0,Q4: most exposed
2022 to 2024,S12000040,West Lothian,Female,<1,60.3,56.3,64.3,239,3378.0,8.786611,14.644351,15.481172,19.246862,76248,59.553037,1.811195,38.635767,5.733921,22.947487,4.948327,3.631571,38.202519,7.476656,181278,5.219607,1.054734,2.789086,0.793808,0.089917,0.489855,0.100691,27.8,7.2,24.170611,10.808813,21.448273,11.801211,9.574245,5.666435,6.750405,2.320745,337.0,1,8.0,Middle HLE,1,Q3
2022 to 2024,S12000040,West Lothian,Male,<1,60.0,56.6,63.5,239,3378.0,8.786611,14.644351,15.481172,19.246862,71343,65.438796,2.670199,31.891005,5.053054,19.480538,1.450738,2.500596,12.569079,13.417299,181278,5.219607,1.054734,2.789086,0.793808,0.089917,0.489855,0.100691,27.8,7.2,24.170611,10.808813,21.448273,11.801211,9.574245,5.666435,6.750405,2.320745,337.0,0,6.899999999999999,Middle HLE,1,Q3
