model,row_index,council_area_code,council_area,sex,observed_class_code,observed_category,predicted_class_code,predicted_category,probability_low_hle,probability_middle_hle,probability_high_hle,fold
Dummy most frequent,0,S12000033,Aberdeen City,Female,1,Middle HLE,0,Low HLE,1.0,0.0,0.0,7
Dummy most frequent,1,S12000033,Aberdeen City,Male,1,Middle HLE,0,Low HLE,1.0,0.0,0.0,7
Dummy most frequent,2,S12000034,Aberdeenshire,Female,2,High HLE,1,Middle HLE,0.0,1.0,0.0,2
Dummy most frequent,3,S12000034,Aberdeenshire,Male,2,High HLE,1,Middle HLE,0.0,1.0,0.0,2
Dummy most frequent,4,S12000041,Angus,Female,2,High HLE,0,Low HLE,1.0,0.0,0.0,1
Dummy most frequent,5,S12000041,Angus,Male,2,High HLE,0,Low HLE,1.0,0.0,0.0,1
Dummy most frequent,6,S12000035,Argyll and Bute,Female,1,Middle HLE,1,Middle HLE,0.0,1.0,0.0,4
Dummy most frequent,7,S12000035,Argyll and Bute,Male,1,Middle HLE,1,Middle HLE,0.0,1.0,0.0,4
Dummy most frequent,8,S12000036,City of Edinburgh,Female,2,High HLE,1,Middle HLE,0.0,1.0,0.0,6
Dummy most frequent,9,S12000036,City of Edinburgh,Male,2,High HLE,1,Middle HLE,0.0,1.0,0.0,6
Dummy most frequent,10,S12000005,Clackmannanshire,Female,0,Low HLE,1,Middle HLE,0.0,1.0,0.0,6
Dummy most frequent,11,S12000005,Clackmannanshire,Male,0,Low HLE,1,Middle HLE,0.0,1.0,0.0,6
Dummy most frequent,12,S12000006,Dumfries and Galloway,Female,1,Middle HLE,0,Low HLE,1.0,0.0,0.0,8
Dummy most frequent,13,S12000006,Dumfries and Galloway,Male,1,Middle HLE,0,Low HLE,1.0,0.0,0.0,8
Dummy most frequent,14,S12000042,Dundee City,Female,0,Low HLE,1,Middle HLE,0.0,1.0,0.0,4
Dummy most frequent,15,S12000042,Dundee City,Male,0,Low HLE,1,Middle HLE,0.0,1.0,0.0,4
Dummy most frequent,16,S12000008,East Ayrshire,Female,0,Low HLE,1,Middle HLE,0.0,1.0,0.0,6
Dummy most frequent,17,S12000008,East Ayrshire,Male,0,Low HLE,1,Middle HLE,0.0,1.0,0.0,6
Dummy most frequent,18,S12000045,East Dunbartonshire,Female,2,High HLE,0,Low HLE,1.0,0.0,0.0,3
Dummy most frequent,19,S12000045,East Dunbartonshire,Male,2,High HLE,0,Low HLE,1.0,0.0,0.0,3
Dummy most frequent,20,S12000010,East Lothian,Female,1,Middle HLE,1,Middle HLE,0.0,1.0,0.0,6
Dummy most frequent,21,S12000010,East Lothian,Male,1,Middle HLE,1,Middle HLE,0.0,1.0,0.0,6
Dummy most frequent,22,S12000011,East Renfrewshire,Female,2,High HLE,0,Low HLE,1.0,0.0,0.0,7
Dummy most frequent,23,S12000011,East Renfrewshire,Male,2,High HLE,0,Low HLE,1.0,0.0,0.0,7
Dummy most frequent,24,S12000014,Falkirk,Female,1,Middle HLE,0,Low HLE,1.0,0.0,0.0,1
Dummy most frequent,25,S12000014,Falkirk,Male,1,Middle HLE,0,Low HLE,1.0,0.0,0.0,1
Dummy most frequent,26,S12000047,Fife,Female,1,Middle HLE,1,Middle HLE,0.0,1.0,0.0,2
Dummy most frequent,27,S12000047,Fife,Male,1,Middle HLE,1,Middle HLE,0.0,1.0,0.0,2
Dummy most frequent,28,S12000049,Glasgow City,Female,0,Low HLE,0,Low HLE,1.0,0.0,0.0,8
Dummy most frequent,29,S12000049,Glasgow City,Male,0,Low HLE,0,Low HLE,1.0,0.0,0.0,8
Dummy most frequent,30,S12000017,Highland,Female,1,Middle HLE,0,Low HLE,1.0,0.0,0.0,3
Dummy most frequent,31,S12000017,Highland,Male,1,Middle HLE,0,Low HLE,1.0,0.0,0.0,3
Dummy most frequent,32,S12000018,Inverclyde,Female,0,Low HLE,0,Low HLE,1.0,0.0,0.0,7
Dummy most frequent,33,S12000018,Inverclyde,Male,0,Low HLE,0,Low HLE,1.0,0.0,0.0,7
Dummy most frequent,34,S12000019,Midlothian,Female,1,Middle HLE,0,Low HLE,1.0,0.0,0.0,1
Dummy most frequent,35,S12000019,Midlothian,Male,1,Middle HLE,0,Low HLE,1.0,0.0,0.0,1
Dummy most frequent,36,S12000020,Moray,Female,2,High HLE,0,Low HLE,1.0,0.0,0.0,8
Dummy most frequent,37,S12000020,Moray,Male,1,Middle HLE,0,Low HLE,1.0,0.0,0.0,8
Dummy most frequent,38,S12000013,Na h-Eileanan Siar,Female,2,High HLE,0,Low HLE,1.0,0.0,0.0,8
Dummy most frequent,39,S12000013,Na h-Eileanan Siar,Male,2,High HLE,0,Low HLE,1.0,0.0,0.0,8
Dummy most frequent,40,S12000021,North Ayrshire,Female,0,Low HLE,1,Middle HLE,0.0,1.0,0.0,2
Dummy most frequent,41,S12000021,North Ayrshire,Male,0,Low HLE,1,Middle HLE,0.0,1.0,0.0,2
Dummy most frequent,42,S12000050,North Lanarkshire,Female,0,Low HLE,0,Low HLE,1.0,0.0,0.0,5
Dummy most frequent,43,S12000050,North Lanarkshire,Male,0,Low HLE,0,Low HLE,1.0,0.0,0.0,5
Dummy most frequent,44,S12000023,Orkney Islands,Female,2,High HLE,0,Low HLE,1.0,0.0,0.0,5
Dummy most frequent,45,S12000023,Orkney Islands,Male,2,High HLE,0,Low HLE,1.0,0.0,0.0,5
Dummy most frequent,46,S12000048,Perth and Kinross,Female,2,High HLE,1,Middle HLE,0.0,1.0,0.0,4
Dummy most frequent,47,S12000048,Perth and Kinross,Male,2,High HLE,1,Middle HLE,0.0,1.0,0.0,4
Dummy most frequent,48,S12000038,Renfrewshire,Female,0,Low HLE,0,Low HLE,1.0,0.0,0.0,3
Dummy most frequent,49,S12000038,Renfrewshire,Male,0,Low HLE,0,Low HLE,1.0,0.0,0.0,3
Dummy most frequent,50,S12000026,Scottish Borders,Female,2,High HLE,0,Low HLE,1.0,0.0,0.0,5
Dummy most frequent,51,S12000026,Scottish Borders,Male,2,High HLE,0,Low HLE,1.0,0.0,0.0,5
Dummy most frequent,52,S12000027,Shetland Islands,Female,2,High HLE,0,Low HLE,1.0,0.0,0.0,7
Dummy most frequent,53,S12000027,Shetland Islands,Male,2,High HLE,0,Low HLE,1.0,0.0,0.0,7
Dummy most frequent,54,S12000028,South Ayrshire,Female,0,Low HLE,0,Low HLE,1.0,0.0,0.0,1
Dummy most frequent,55,S12000028,South Ayrshire,Male,0,Low HLE,0,Low HLE,1.0,0.0,0.0,1
Dummy most frequent,56,S12000029,South Lanarkshire,Female,0,Low HLE,1,Middle HLE,0.0,1.0,0.0,2
Dummy most frequent,57,S12000029,South Lanarkshire,Male,0,Low HLE,1,Middle HLE,0.0,1.0,0.0,2
Dummy most frequent,58,S12000030,Stirling,Female,1,Middle HLE,0,Low HLE,1.0,0.0,0.0,5
Dummy most frequent,59,S12000030,Stirling,Male,1,Middle HLE,0,Low HLE,1.0,0.0,0.0,5
Dummy most frequent,60,S12000039,West Dunbartonshire,Female,0,Low HLE,1,Middle HLE,0.0,1.0,0.0,4
Dummy most frequent,61,S12000039,West Dunbartonshire,Male,0,Low HLE,1,Middle HLE,0.0,1.0,0.0,4
Dummy most frequent,62,S12000040,West Lothian,Female,1,Middle HLE,0,Low HLE,1.0,0.0,0.0,3
Dummy most frequent,63,S12000040,West Lothian,Male,1,Middle HLE,0,Low HLE,1.0,0.0,0.0,3
Gradient Boosting,0,S12000033,Aberdeen City,Female,1,Middle HLE,1,Middle HLE,0.09751179652146506,0.7232173369398399,0.17927086653869498,7
Gradient Boosting,1,S12000033,Aberdeen City,Male,1,Middle HLE,1,Middle HLE,0.09751179652146506,0.7232173369398399,0.17927086653869498,7
Gradient Boosting,2,S12000034,Aberdeenshire,Female,2,High HLE,2,High HLE,0.024003832718132962,0.15747575326375546,0.8185204140181116,2
Gradient Boosting,3,S12000034,Aberdeenshire,Male,2,High HLE,2,High HLE,0.01886969515759689,0.3376817825102119,0.6434485223321913,2
Gradient Boosting,4,S12000041,Angus,Female,2,High HLE,1,Middle HLE,0.07113319777489926,0.7760042436685856,0.152862558556515,1
Gradient Boosting,5,S12000041,Angus,Male,2,High HLE,1,Middle HLE,0.07113319777489926,0.7760042436685856,0.152862558556515,1
Gradient Boosting,6,S12000035,Argyll and Bute,Female,1,Middle HLE,1,Middle HLE,0.12095771269718766,0.6312396147168977,0.24780267258591468,4
Gradient Boosting,7,S12000035,Argyll and Bute,Male,1,Middle HLE,1,Middle HLE,0.12095771269718766,0.6312396147168977,0.24780267258591468,4
Gradient Boosting,8,S12000036,City of Edinburgh,Female,2,High HLE,1,Middle HLE,0.08972538952786904,0.8337137010784261,0.07656090939370479,6
Gradient Boosting,9,S12000036,City of Edinburgh,Male,2,High HLE,1,Middle HLE,0.08972538952786904,0.8337137010784261,0.07656090939370479,6
Gradient Boosting,10,S12000005,Clackmannanshire,Female,0,Low HLE,0,Low HLE,0.9101270552479727,0.07489133830156054,0.014981606450466678,6
Gradient Boosting,11,S12000005,Clackmannanshire,Male,0,Low HLE,0,Low HLE,0.9101270552479727,0.07489133830156054,0.014981606450466678,6
Gradient Boosting,12,S12000006,Dumfries and Galloway,Female,1,Middle HLE,1,Middle HLE,0.31023717312189303,0.35455675248437646,0.3352060743937305,8
Gradient Boosting,13,S12000006,Dumfries and Galloway,Male,1,Middle HLE,1,Middle HLE,0.31023717312189303,0.35455675248437646,0.3352060743937305,8
Gradient Boosting,14,S12000042,Dundee City,Female,0,Low HLE,0,Low HLE,0.876106715354375,0.0916201412859276,0.03227314335969744,4
Gradient Boosting,15,S12000042,Dundee City,Male,0,Low HLE,0,Low HLE,0.8617875261993306,0.10220930386433218,0.03600316993633715,4
Gradient Boosting,16,S12000008,East Ayrshire,Female,0,Low HLE,0,Low HLE,0.9206478484608818,0.0641973622538442,0.015154789285273846,6
Gradient Boosting,17,S12000008,East Ayrshire,Male,0,Low HLE,0,Low HLE,0.9206478484608818,0.0641973622538442,0.015154789285273846,6
Gradient Boosting,18,S12000045,East Dunbartonshire,Female,2,High HLE,2,High HLE,0.006428803262707809,0.20701367238405136,0.7865575243532409,3
Gradient Boosting,19,S12000045,East Dunbartonshire,Male,2,High HLE,2,High HLE,0.005217798480672482,0.07234601349492192,0.9224361880244055,3
Gradient Boosting,20,S12000010,East Lothian,Female,1,Middle HLE,2,High HLE,0.02000038912339586,0.09314103581450832,0.8868585750620959,6
Gradient Boosting,21,S12000010,East Lothian,Male,1,Middle HLE,2,High HLE,0.02000038912339586,0.09314103581450832,0.8868585750620959,6
Gradient Boosting,22,S12000011,East Renfrewshire,Female,2,High HLE,2,High HLE,0.028868852571847563,0.11775102180882971,0.8533801256193226,7
Gradient Boosting,23,S12000011,East Renfrewshire,Male,2,High HLE,2,High HLE,0.028868852571847563,0.11775102180882971,0.8533801256193226,7
Gradient Boosting,24,S12000014,Falkirk,Female,1,Middle HLE,1,Middle HLE,0.07113319777489926,0.7760042436685856,0.152862558556515,1
Gradient Boosting,25,S12000014,Falkirk,Male,1,Middle HLE,1,Middle HLE,0.051593536922916086,0.8375338985682527,0.11087256450883133,1
Gradient Boosting,26,S12000047,Fife,Female,1,Middle HLE,0,Low HLE,0.9088389199532757,0.06419465490133326,0.026966425145391184,2
Gradient Boosting,27,S12000047,Fife,Male,1,Middle HLE,0,Low HLE,0.9088389199532757,0.06419465490133326,0.026966425145391184,2
Gradient Boosting,28,S12000049,Glasgow City,Female,0,Low HLE,0,Low HLE,0.9700194344299803,0.022369363769991706,0.007611201800028015,8
Gradient Boosting,29,S12000049,Glasgow City,Male,0,Low HLE,0,Low HLE,0.9700194344299803,0.022369363769991706,0.007611201800028015,8
Gradient Boosting,30,S12000017,Highland,Female,1,Middle HLE,1,Middle HLE,0.020361733561766227,0.8981475434397026,0.08149072299853129,3
Gradient Boosting,31,S12000017,Highland,Male,1,Middle HLE,1,Middle HLE,0.020361733561766227,0.8981475434397026,0.08149072299853129,3
Gradient Boosting,32,S12000018,Inverclyde,Female,0,Low HLE,0,Low HLE,0.8844743491688315,0.08448532838447129,0.031040322446697348,7
Gradient Boosting,33,S12000018,Inverclyde,Male,0,Low HLE,0,Low HLE,0.8844743491688315,0.08448532838447129,0.031040322446697348,7
Gradient Boosting,34,S12000019,Midlothian,Female,1,Middle HLE,1,Middle HLE,0.07113319777489926,0.7760042436685856,0.152862558556515,1
Gradient Boosting,35,S12000019,Midlothian,Male,1,Middle HLE,1,Middle HLE,0.07113319777489926,0.7760042436685856,0.152862558556515,1
Gradient Boosting,36,S12000020,Moray,Female,2,High HLE,2,High HLE,0.006392964668684808,0.19681138026059047,0.7967956550707248,8
Gradient Boosting,37,S12000020,Moray,Male,1,Middle HLE,2,High HLE,0.0026799911078525308,0.047855747477146084,0.9494642614150013,8
Gradient Boosting,38,S12000013,Na h-Eileanan Siar,Female,2,High HLE,2,High HLE,0.007824504612521552,0.01695795525666225,0.9752175401308163,8
Gradient Boosting,39,S12000013,Na h-Eileanan Siar,Male,2,High HLE,2,High HLE,0.007824504612521552,0.01695795525666225,0.9752175401308163,8
Gradient Boosting,40,S12000021,North Ayrshire,Female,0,Low HLE,0,Low HLE,0.9154601144849013,0.057377000972128826,0.02716288454296995,2
Gradient Boosting,41,S12000021,North Ayrshire,Male,0,Low HLE,0,Low HLE,0.9154601144849013,0.057377000972128826,0.02716288454296995,2
Gradient Boosting,42,S12000050,North Lanarkshire,Female,0,Low HLE,0,Low HLE,0.89053471145893,0.07881005062453933,0.03065523791653066,5
Gradient Boosting,43,S12000050,North Lanarkshire,Male,0,Low HLE,0,Low HLE,0.8881643303573066,0.08126202831716378,0.03057364132552965,5
Gradient Boosting,44,S12000023,Orkney Islands,Female,2,High HLE,2,High HLE,0.03645153378697285,0.2214112460454879,0.7421372201675394,5
Gradient Boosting,45,S12000023,Orkney Islands,Male,2,High HLE,2,High HLE,0.03645153378697285,0.2214112460454879,0.7421372201675394,5
Gradient Boosting,46,S12000048,Perth and Kinross,Female,2,High HLE,2,High HLE,0.032592165446335086,0.26930504132280436,0.6981027932308604,4
Gradient Boosting,47,S12000048,Perth and Kinross,Male,2,High HLE,2,High HLE,0.029140640010900127,0.1743907797385278,0.7964685802505721,4
Gradient Boosting,48,S12000038,Renfrewshire,Female,0,Low HLE,0,Low HLE,0.8683950666471129,0.11654388502642515,0.015061048326461844,3
Gradient Boosting,49,S12000038,Renfrewshire,Male,0,Low HLE,0,Low HLE,0.8683950666471129,0.11654388502642515,0.015061048326461844,3
Gradient Boosting,50,S12000026,Scottish Borders,Female,2,High HLE,2,High HLE,0.037346321222260205,0.20229897937473618,0.7603546994030036,5
Gradient Boosting,51,S12000026,Scottish Borders,Male,2,High HLE,2,High HLE,0.03645153378697285,0.2214112460454879,0.7421372201675394,5
Gradient Boosting,52,S12000027,Shetland Islands,Female,2,High HLE,2,High HLE,0.03209945534439608,0.21154925401137392,0.7563512906442299,7
Gradient Boosting,53,S12000027,Shetland Islands,Male,2,High HLE,2,High HLE,0.03161059276607706,0.22355706101077977,0.7448323462231431,7
Gradient Boosting,54,S12000028,South Ayrshire,Female,0,Low HLE,1,Middle HLE,0.07113319777489926,0.7760042436685856,0.152862558556515,1
Gradient Boosting,55,S12000028,South Ayrshire,Male,0,Low HLE,1,Middle HLE,0.07113319777489926,0.7760042436685856,0.152862558556515,1
Gradient Boosting,56,S12000029,South Lanarkshire,Female,0,Low HLE,0,Low HLE,0.9088389199532757,0.06419465490133326,0.026966425145391184,2
Gradient Boosting,57,S12000029,South Lanarkshire,Male,0,Low HLE,0,Low HLE,0.9088389199532757,0.06419465490133326,0.026966425145391184,2
Gradient Boosting,58,S12000030,Stirling,Female,1,Middle HLE,1,Middle HLE,0.0865677592908421,0.7571007408012732,0.15633149990788475,5
Gradient Boosting,59,S12000030,Stirling,Male,1,Middle HLE,1,Middle HLE,0.0792840918967652,0.7775378807799944,0.1431780273232403,5
Gradient Boosting,60,S12000039,West Dunbartonshire,Female,0,Low HLE,0,Low HLE,0.876106715354375,0.0916201412859276,0.03227314335969744,4
Gradient Boosting,61,S12000039,West Dunbartonshire,Male,0,Low HLE,0,Low HLE,0.876106715354375,0.0916201412859276,0.03227314335969744,4
Gradient Boosting,62,S12000040,West Lothian,Female,1,Middle HLE,1,Middle HLE,0.16121126759679813,0.7366776362501586,0.1021110961530432,3
Gradient Boosting,63,S12000040,West Lothian,Male,1,Middle HLE,1,Middle HLE,0.03365188252550046,0.8859629289216067,0.08038518855289296,3
Multinomial Logistic,0,S12000033,Aberdeen City,Female,1,Middle HLE,2,High HLE,1.593310944876084e-05,0.014625268774413499,0.9853587981161377,7
Multinomial Logistic,1,S12000033,Aberdeen City,Male,1,Middle HLE,2,High HLE,0.001470131761092469,0.17651173322386038,0.8220181350150473,7
Multinomial Logistic,2,S12000034,Aberdeenshire,Female,2,High HLE,2,High HLE,4.324107814453249e-11,0.0023340547022057045,0.9976659452545532,2
Multinomial Logistic,3,S12000034,Aberdeenshire,Male,2,High HLE,2,High HLE,1.9434268742926251e-10,0.13301160152076374,0.8669883982848936,2
Multinomial Logistic,4,S12000041,Angus,Female,2,High HLE,1,Middle HLE,1.2520003174455814e-05,0.9994496478327475,0.0005378321640780334,1
Multinomial Logistic,5,S12000041,Angus,Male,2,High HLE,1,Middle HLE,1.1533767142939169e-05,0.9995793504179857,0.0004091158148711825,1
Multinomial Logistic,6,S12000035,Argyll and Bute,Female,1,Middle HLE,2,High HLE,0.06267871179684772,0.35898524597651726,0.578336042226635,4
Multinomial Logistic,7,S12000035,Argyll and Bute,Male,1,Middle HLE,2,High HLE,0.05806986622435834,0.3647186286867701,0.5772115050888715,4
Multinomial Logistic,8,S12000036,City of Edinburgh,Female,2,High HLE,1,Middle HLE,1.0937066594843921e-07,0.9986923595612494,0.0013075310680848167,6
Multinomial Logistic,9,S12000036,City of Edinburgh,Male,2,High HLE,1,Middle HLE,6.945012339157939e-05,0.9997462831525776,0.0001842667240308216,6
Multinomial Logistic,10,S12000005,Clackmannanshire,Female,0,Low HLE,0,Low HLE,0.9999612115099501,3.878849004986476e-05,1.1344688719586161e-17,6
Multinomial Logistic,11,S12000005,Clackmannanshire,Male,0,Low HLE,0,Low HLE,0.9999398979464237,6.010205357473722e-05,1.5898582093461318e-15,6
Multinomial Logistic,12,S12000006,Dumfries and Galloway,Female,1,Middle HLE,1,Middle HLE,0.028594847152401612,0.8623308547281401,0.1090742981194584,8
Multinomial Logistic,13,S12000006,Dumfries and Galloway,Male,1,Middle HLE,1,Middle HLE,0.05631175396239581,0.8071325610647742,0.13655568497282994,8
Multinomial Logistic,14,S12000042,Dundee City,Female,0,Low HLE,0,Low HLE,0.9522927222483947,0.047571493896734485,0.00013578385487083541,4
Multinomial Logistic,15,S12000042,Dundee City,Male,0,Low HLE,0,Low HLE,0.9637603882848674,0.03613405248104491,0.00010555923408769776,4
Multinomial Logistic,16,S12000008,East Ayrshire,Female,0,Low HLE,0,Low HLE,0.9999975138345905,2.486165409631643e-06,7.914764084448882e-20,6
Multinomial Logistic,17,S12000008,East Ayrshire,Male,0,Low HLE,0,Low HLE,0.9999992790781501,7.20921849750804e-07,6.346174403941642e-20,6
Multinomial Logistic,18,S12000045,East Dunbartonshire,Female,2,High HLE,2,High HLE,6.959145057531678e-05,0.032207740647383146,0.9677226679020416,3
Multinomial Logistic,19,S12000045,East Dunbartonshire,Male,2,High HLE,2,High HLE,4.5238928015126404e-05,0.016978044584861265,0.9829767164871236,3
Multinomial Logistic,20,S12000010,East Lothian,Female,1,Middle HLE,1,Middle HLE,7.029657952002373e-06,0.8757224662683892,0.12427050407365878,6
Multinomial Logistic,21,S12000010,East Lothian,Male,1,Middle HLE,1,Middle HLE,4.309879601919712e-05,0.9456756312825063,0.054281269921474556,6
Multinomial Logistic,22,S12000011,East Renfrewshire,Female,2,High HLE,2,High HLE,5.273902922107428e-07,0.0005474293894852576,0.9994520432202225,7
Multinomial Logistic,23,S12000011,East Renfrewshire,Male,2,High HLE,2,High HLE,1.367554898084911e-06,0.0015442403963093721,0.9984543920487925,7
Multinomial Logistic,24,S12000014,Falkirk,Female,1,Middle HLE,1,Middle HLE,0.17181584593926574,0.8281841540605499,1.8417656889224095e-13,1
Multinomial Logistic,25,S12000014,Falkirk,Male,1,Middle HLE,1,Middle HLE,0.08609187584966542,0.9139081241497903,5.443050693155911e-13,1
Multinomial Logistic,26,S12000047,Fife,Female,1,Middle HLE,0,Low HLE,0.9100085419565344,0.08999145064987754,7.393588333295049e-09,2
Multinomial Logistic,27,S12000047,Fife,Male,1,Middle HLE,0,Low HLE,0.9059933303506745,0.0940066508062282,1.884309724475553e-08,2
Multinomial Logistic,28,S12000049,Glasgow City,Female,0,Low HLE,0,Low HLE,0.9999889869589075,1.101304109042075e-05,2.2070909789588073e-15,8
Multinomial Logistic,29,S12000049,Glasgow City,Male,0,Low HLE,0,Low HLE,0.9999979617814841,2.038218515438822e-06,3.444829586582398e-16,8
Multinomial Logistic,30,S12000017,Highland,Female,1,Middle HLE,1,Middle HLE,0.007001643955723744,0.8875083335585016,0.10549002248577459,3
Multinomial Logistic,31,S12000017,Highland,Male,1,Middle HLE,1,Middle HLE,0.007279761003446805,0.8866690621119878,0.1060511768845653,3
Multinomial Logistic,32,S12000018,Inverclyde,Female,0,Low HLE,0,Low HLE,0.9999988793750755,1.1206249244655157e-06,1.6939581082143402e-17,7
Multinomial Logistic,33,S12000018,Inverclyde,Male,0,Low HLE,0,Low HLE,0.9999998609140583,1.3908594161133354e-07,8.391544276555467e-19,7
Multinomial Logistic,34,S12000019,Midlothian,Female,1,Middle HLE,1,Middle HLE,0.0010811271217504791,0.9989186941028937,1.7877535588017129e-07,1
Multinomial Logistic,35,S12000019,Midlothian,Male,1,Middle HLE,1,Middle HLE,0.00105501376026901,0.9989420489969538,2.937242777104879e-06,1
Multinomial Logistic,36,S12000020,Moray,Female,2,High HLE,2,High HLE,1.176450179982487e-05,0.13331002367305997,0.8666782118251402,8
Multinomial Logistic,37,S12000020,Moray,Male,1,Middle HLE,2,High HLE,2.6346601641502512e-05,0.1934945495824927,0.8064791038158658,8
Multinomial Logistic,38,S12000013,Na h-Eileanan Siar,Female,2,High HLE,2,High HLE,7.521571311653719e-06,0.05226612364590674,0.9477263547827817,8
Multinomial Logistic,39,S12000013,Na h-Eileanan Siar,Male,2,High HLE,2,High HLE,3.544764599284235e-05,0.05189197730469513,0.9480725750493121,8
Multinomial Logistic,40,S12000021,North Ayrshire,Female,0,Low HLE,0,Low HLE,0.9999999637161383,3.6283861801012206e-08,5.274615420300351e-27,2
Multinomial Logistic,41,S12000021,North Ayrshire,Male,0,Low HLE,0,Low HLE,0.9999999805819962,1.9418003696422178e-08,7.391875281490897e-27,2
Multinomial Logistic,42,S12000050,North Lanarkshire,Female,0,Low HLE,0,Low HLE,0.9446169553800718,0.05534121671557412,4.1827904354036635e-05,5
Multinomial Logistic,43,S12000050,North Lanarkshire,Male,0,Low HLE,0,Low HLE,0.8833728013058124,0.11649764128636203,0.0001295574078254698,5
Multinomial Logistic,44,S12000023,Orkney Islands,Female,2,High HLE,2,High HLE,0.0010132404858152074,0.18660306115090955,0.8123836983632753,5
Multinomial Logistic,45,S12000023,Orkney Islands,Male,2,High HLE,2,High HLE,0.0016281227988048249,0.29639026088777987,0.7019816163134154,5
Multinomial Logistic,46,S12000048,Perth and Kinross,Female,2,High HLE,2,High HLE,0.012054185629397855,0.23818318381282585,0.7497626305577763,4
Multinomial Logistic,47,S12000048,Perth and Kinross,Male,2,High HLE,2,High HLE,0.008648263009125178,0.22591844350867432,0.7654332934822005,4
Multinomial Logistic,48,S12000038,Renfrewshire,Female,0,Low HLE,0,Low HLE,0.683861581405916,0.3161357930643231,2.6255297609366034e-06,3
Multinomial Logistic,49,S12000038,Renfrewshire,Male,0,Low HLE,0,Low HLE,0.8641051782695939,0.13589305475144772,1.7669789584209638e-06,3
Multinomial Logistic,50,S12000026,Scottish Borders,Female,2,High HLE,2,High HLE,0.01618322621090493,0.3137724357220783,0.6700443380670167,5
Multinomial Logistic,51,S12000026,Scottish Borders,Male,2,High HLE,2,High HLE,0.02015092369800553,0.4391537736713962,0.5406953026305984,5
Multinomial Logistic,52,S12000027,Shetland Islands,Female,2,High HLE,2,High HLE,3.389005040730777e-07,0.2820017145992938,0.7179979465002021,7
Multinomial Logistic,53,S12000027,Shetland Islands,Male,2,High HLE,2,High HLE,6.88770377650352e-07,0.25053662146412137,0.749462689765501,7
Multinomial Logistic,54,S12000028,South Ayrshire,Female,0,Low HLE,1,Middle HLE,0.07277631128542551,0.9272236885792775,1.3529700359714993e-10,1
Multinomial Logistic,55,S12000028,South Ayrshire,Male,0,Low HLE,1,Middle HLE,0.058765330056454824,0.9412346683974159,1.546129325965246e-09,1
Multinomial Logistic,56,S12000029,South Lanarkshire,Female,0,Low HLE,0,Low HLE,0.7497708233992318,0.2502291765991222,1.6460606289650252e-12,2
Multinomial Logistic,57,S12000029,South Lanarkshire,Male,0,Low HLE,1,Middle HLE,0.19398982973498696,0.806010170241092,2.3921037911303192e-11,2
Multinomial Logistic,58,S12000030,Stirling,Female,1,Middle HLE,2,High HLE,0.04293661118005917,0.2416031145944066,0.7154602742255342,5
Multinomial Logistic,59,S12000030,Stirling,Male,1,Middle HLE,2,High HLE,0.07191934793025151,0.35747910857257065,0.5706015434971778,5
Multinomial Logistic,60,S12000039,West Dunbartonshire,Female,0,Low HLE,0,Low HLE,0.9864621046245171,0.013535897770390186,1.997605092788441e-06,4
Multinomial Logistic,61,S12000039,West Dunbartonshire,Male,0,Low HLE,0,Low HLE,0.9881300696747254,0.011867868550344055,2.0617749306149034e-06,4
Multinomial Logistic,62,S12000040,West Lothian,Female,1,Middle HLE,1,Middle HLE,0.18172971352225623,0.8181742525274776,9.603395026619881e-05,3
Multinomial Logistic,63,S12000040,West Lothian,Male,1,Middle HLE,1,Middle HLE,0.1519916082166766,0.8478133171493009,0.00019507463402240743,3
Random Forest,0,S12000033,Aberdeen City,Female,1,Middle HLE,1,Middle HLE,0.04453794836080645,0.5640646687106707,0.39139738292852266,7
Random Forest,1,S12000033,Aberdeen City,Male,1,Middle HLE,1,Middle HLE,0.027321197966209937,0.5913498536522339,0.38132894838155607,7
Random Forest,2,S12000034,Aberdeenshire,Female,2,High HLE,2,High HLE,0.0018245341614906833,0.1745453130714456,0.8236301527670635,2
Random Forest,3,S12000034,Aberdeenshire,Male,2,High HLE,2,High HLE,0.00200187969924812,0.22044583534080225,0.7775522849599493,2
Random Forest,4,S12000041,Angus,Female,2,High HLE,1,Middle HLE,0.034325123092139614,0.7917300923556987,0.17394478455216122,1
Random Forest,5,S12000041,Angus,Male,2,High HLE,1,Middle HLE,0.025577145729804664,0.7588463283994161,0.21557652587077847,1
Random Forest,6,S12000035,Argyll and Bute,Female,1,Middle HLE,1,Middle HLE,0.04017200030219245,0.649288673790797,0.3105393259070108,4
Random Forest,7,S12000035,Argyll and Bute,Male,1,Middle HLE,1,Middle HLE,0.036460807491734935,0.629578727315891,0.3339604651923741,4
Random Forest,8,S12000036,City of Edinburgh,Female,2,High HLE,1,Middle HLE,0.060471183066653486,0.7722711634893972,0.16725765344394908,6
Random Forest,9,S12000036,City of Edinburgh,Male,2,High HLE,1,Middle HLE,0.06212687867823145,0.7965397432305934,0.14133337809117474,6
Random Forest,10,S12000005,Clackmannanshire,Female,0,Low HLE,0,Low HLE,0.9087554126423963,0.08832792069093698,0.002916666666666667,6
Random Forest,11,S12000005,Clackmannanshire,Male,0,Low HLE,0,Low HLE,0.8887197620185101,0.10769690464815622,0.0035833333333333333,6
Random Forest,12,S12000006,Dumfries and Galloway,Female,1,Middle HLE,1,Middle HLE,0.19687799446674867,0.6504143180828723,0.1527076874503791,8
Random Forest,13,S12000006,Dumfries and Galloway,Male,1,Middle HLE,1,Middle HLE,0.16217842969460328,0.6744450741594455,0.16337649614595112,8
Random Forest,14,S12000042,Dundee City,Female,0,Low HLE,0,Low HLE,0.9129535971706063,0.07877174586882958,0.008274656960564009,4
Random Forest,15,S12000042,Dundee City,Male,0,Low HLE,0,Low HLE,0.8855177632506419,0.09878236309836134,0.01569987365099669,4
Random Forest,16,S12000008,East Ayrshire,Female,0,Low HLE,0,Low HLE,0.953862378045211,0.04613762195478868,0.0,6
Random Forest,17,S12000008,East Ayrshire,Male,0,Low HLE,0,Low HLE,0.9314100607546584,0.06358993924534126,0.005,6
Random Forest,18,S12000045,East Dunbartonshire,Female,2,High HLE,2,High HLE,0.010473931475152973,0.26001191073882146,0.7295141577860254,3
Random Forest,19,S12000045,East Dunbartonshire,Male,2,High HLE,2,High HLE,0.002541098886240507,0.1467686540581005,0.8506902470556587,3
Random Forest,20,S12000010,East Lothian,Female,1,Middle HLE,2,High HLE,0.005467628032207183,0.15125183904824563,0.8432805329195469,6
Random Forest,21,S12000010,East Lothian,Male,1,Middle HLE,2,High HLE,0.00571017232059188,0.14044055376240727,0.8538492739170007,6
Random Forest,22,S12000011,East Renfrewshire,Female,2,High HLE,2,High HLE,0.00334109601883371,0.21378812430925415,0.7828707796719122,7
Random Forest,23,S12000011,East Renfrewshire,Male,2,High HLE,2,High HLE,0.0034799849077225987,0.21478713224576204,0.7817328828465153,7
Random Forest,24,S12000014,Falkirk,Female,1,Middle HLE,1,Middle HLE,0.19761547330528564,0.6944554825959434,0.10792904409877091,1
Random Forest,25,S12000014,Falkirk,Male,1,Middle HLE,1,Middle HLE,0.06029293860995513,0.7959627481471458,0.14374431324289833,1
Random Forest,26,S12000047,Fife,Female,1,Middle HLE,0,Low HLE,0.8012195036715489,0.16708614055337215,0.031694355775079015,2
Random Forest,27,S12000047,Fife,Male,1,Middle HLE,0,Low HLE,0.6663292237585119,0.26804023832904256,0.06563053791244552,2
Random Forest,28,S12000049,Glasgow City,Female,0,Low HLE,0,Low HLE,0.8972494262634426,0.08851684295407342,0.01423373078248389,8
Random Forest,29,S12000049,Glasgow City,Male,0,Low HLE,0,Low HLE,0.8730155982450559,0.09991309465988396,0.0270713070950602,8
Random Forest,30,S12000017,Highland,Female,1,Middle HLE,1,Middle HLE,0.05113258174371174,0.69680755662984,0.2520598616264479,3
Random Forest,31,S12000017,Highland,Male,1,Middle HLE,1,Middle HLE,0.04654873855679952,0.67688982020132,0.27656144124188003,3
Random Forest,32,S12000018,Inverclyde,Female,0,Low HLE,0,Low HLE,0.9719820210692973,0.028017978930702722,0.0,7
Random Forest,33,S12000018,Inverclyde,Male,0,Low HLE,0,Low HLE,0.9800974160909424,0.019039488670962456,0.0008630952380952381,7
Random Forest,34,S12000019,Midlothian,Female,1,Middle HLE,1,Middle HLE,0.04150911843537577,0.7935392150939787,0.16495166647064466,1
Random Forest,35,S12000019,Midlothian,Male,1,Middle HLE,1,Middle HLE,0.028607575445016985,0.7506211299734286,0.22077129458155376,1
Random Forest,36,S12000020,Moray,Female,2,High HLE,2,High HLE,0.018766409995916177,0.317974731839072,0.6632588581650117,8
Random Forest,37,S12000020,Moray,Male,1,Middle HLE,2,High HLE,0.009574201802043922,0.13341876906158687,0.8570070291363691,8
Random Forest,38,S12000013,Na h-Eileanan Siar,Female,2,High HLE,2,High HLE,0.009218966018325137,0.2952850951737127,0.6954959388079621,8
Random Forest,39,S12000013,Na h-Eileanan Siar,Male,2,High HLE,2,High HLE,0.008618607595386069,0.27477207966245915,0.7166093127421547,8
Random Forest,40,S12000021,North Ayrshire,Female,0,Low HLE,0,Low HLE,0.996301610527154,0.0036983894728459944,0.0,2
Random Forest,41,S12000021,North Ayrshire,Male,0,Low HLE,0,Low HLE,0.9850324092982754,0.01464501005656335,0.0003225806451612903,2
Random Forest,42,S12000050,North Lanarkshire,Female,0,Low HLE,0,Low HLE,0.9644090756223579,0.03321526300198059,0.002375661375661376,5
Random Forest,43,S12000050,North Lanarkshire,Male,0,Low HLE,0,Low HLE,0.9185412074224463,0.07731156994581073,0.004147222631742755,5
Random Forest,44,S12000023,Orkney Islands,Female,2,High HLE,2,High HLE,0.01070925264212783,0.2744033405118225,0.7148874068460497,5
Random Forest,45,S12000023,Orkney Islands,Male,2,High HLE,2,High HLE,0.007031314525410907,0.2270054242805233,0.7659632611940657,5
Random Forest,46,S12000048,Perth and Kinross,Female,2,High HLE,2,High HLE,0.0063107282498079875,0.3029515723022561,0.6907376994479353,4
Random Forest,47,S12000048,Perth and Kinross,Male,2,High HLE,2,High HLE,0.0037604123859145376,0.20878283894056765,0.7874567486735176,4
Random Forest,48,S12000038,Renfrewshire,Female,0,Low HLE,0,Low HLE,0.7187409986674854,0.23534227434384536,0.04591672698866929,3
Random Forest,49,S12000038,Renfrewshire,Male,0,Low HLE,0,Low HLE,0.6049039916238572,0.33421804134921673,0.060877967026925904,3
Random Forest,50,S12000026,Scottish Borders,Female,2,High HLE,2,High HLE,0.015000922938324309,0.34693082366489747,0.6380682533967781,5
Random Forest,51,S12000026,Scottish Borders,Male,2,High HLE,2,High HLE,0.010881213365063067,0.28350556347553013,0.7056132231594067,5
Random Forest,52,S12000027,Shetland Islands,Female,2,High HLE,2,High HLE,0.0036072024614107407,0.21570601629802544,0.7806867812405638,7
Random Forest,53,S12000027,Shetland Islands,Male,2,High HLE,2,High HLE,0.0036072024614107407,0.24597534719278538,0.7504174503458038,7
Random Forest,54,S12000028,South Ayrshire,Female,0,Low HLE,1,Middle HLE,0.1714265365266732,0.6976004872242464,0.13097297624908008,1
Random Forest,55,S12000028,South Ayrshire,Male,0,Low HLE,1,Middle HLE,0.04443888614068527,0.7842298583775016,0.1713312554818126,1
Random Forest,56,S12000029,South Lanarkshire,Female,0,Low HLE,0,Low HLE,0.912918888981389,0.07708362501025542,0.009997486008355573,2
Random Forest,57,S12000029,South Lanarkshire,Male,0,Low HLE,0,Low HLE,0.8003152286956038,0.1698610053458537,0.02982376595854257,2
Random Forest,58,S12000030,Stirling,Female,1,Middle HLE,1,Middle HLE,0.040670774940180954,0.6123141350430894,0.34701509001672937,5
Random Forest,59,S12000030,Stirling,Male,1,Middle HLE,1,Middle HLE,0.03431048214092459,0.6180891546239808,0.3476003632350944,5
Random Forest,60,S12000039,West Dunbartonshire,Female,0,Low HLE,0,Low HLE,0.9814110979833569,0.018218531646272594,0.00037037037037037035,4
Random Forest,61,S12000039,West Dunbartonshire,Male,0,Low HLE,0,Low HLE,0.9580526093705205,0.040242237650413376,0.0017051529790660228,4
Random Forest,62,S12000040,West Lothian,Female,1,Middle HLE,1,Middle HLE,0.4244765276207406,0.4695457183528272,0.10597775402643245,3
Random Forest,63,S12000040,West Lothian,Male,1,Middle HLE,1,Middle HLE,0.12264200325731574,0.7074165966331906,0.1699414001094931,3
Support Vector Machine,0,S12000033,Aberdeen City,Female,1,Middle HLE,2,High HLE,0.12464508674376137,0.39384367149976846,0.48151124175647014,7
Support Vector Machine,1,S12000033,Aberdeen City,Male,1,Middle HLE,1,Middle HLE,0.11706351033880719,0.48665019649453284,0.3962862931666599,7
Support Vector Machine,2,S12000034,Aberdeenshire,Female,2,High HLE,2,High HLE,0.003032655620055795,0.22865866041806812,0.7683086839618762,2
Support Vector Machine,3,S12000034,Aberdeenshire,Male,2,High HLE,2,High HLE,0.009408425222686322,0.30958539212626396,0.6810061826510494,2
Support Vector Machine,4,S12000041,Angus,Female,2,High HLE,1,Middle HLE,0.06984754065535517,0.5378174291029719,0.39233503024167266,1
Support Vector Machine,5,S12000041,Angus,Male,2,High HLE,1,Middle HLE,0.06908539454340391,0.6549275530059019,0.27598705245069427,1
Support Vector Machine,6,S12000035,Argyll and Bute,Female,1,Middle HLE,2,High HLE,0.11628096649684928,0.4192694061406971,0.4644496273624535,4
Support Vector Machine,7,S12000035,Argyll and Bute,Male,1,Middle HLE,2,High HLE,0.1409841183108138,0.3570406467044909,0.5019752349846954,4
Support Vector Machine,8,S12000036,City of Edinburgh,Female,2,High HLE,2,High HLE,0.05477425923989473,0.3179244926588165,0.6273012481012884,6
Support Vector Machine,9,S12000036,City of Edinburgh,Male,2,High HLE,2,High HLE,0.07475271039989238,0.3463020861382772,0.5789452034618304,6
Support Vector Machine,10,S12000005,Clackmannanshire,Female,0,Low HLE,0,Low HLE,0.8720140340588861,0.11206349268997004,0.015922473251143973,6
Support Vector Machine,11,S12000005,Clackmannanshire,Male,0,Low HLE,0,Low HLE,0.8541403027798672,0.13006655640409448,0.0157931408160384,6
Support Vector Machine,12,S12000006,Dumfries and Galloway,Female,1,Middle HLE,2,High HLE,0.136548711214402,0.1283236175695222,0.7351276712160758,8
Support Vector Machine,13,S12000006,Dumfries and Galloway,Male,1,Middle HLE,2,High HLE,0.2009083805634096,0.20637238589043547,0.592719233546155,8
Support Vector Machine,14,S12000042,Dundee City,Female,0,Low HLE,0,Low HLE,0.8877844516933258,0.09471169454576234,0.017503853760911747,4
Support Vector Machine,15,S12000042,Dundee City,Male,0,Low HLE,0,Low HLE,0.9143504618804553,0.07593341241974763,0.009716125699796933,4
Support Vector Machine,16,S12000008,East Ayrshire,Female,0,Low HLE,0,Low HLE,0.9030418553203811,0.07919410125682919,0.017764043422789706,6
Support Vector Machine,17,S12000008,East Ayrshire,Male,0,Low HLE,0,Low HLE,0.8733619936960415,0.10580320736459002,0.020834798939368706,6
Support Vector Machine,18,S12000045,East Dunbartonshire,Female,2,High HLE,2,High HLE,0.09139404039597594,0.37495790836536114,0.5336480512386629,3
Support Vector Machine,19,S12000045,East Dunbartonshire,Male,2,High HLE,2,High HLE,0.06529022367052371,0.3689769354535568,0.5657328408759196,3
Support Vector Machine,20,S12000010,East Lothian,Female,1,Middle HLE,2,High HLE,0.025431970340367212,0.3490138782272111,0.6255541514324213,6
Support Vector Machine,21,S12000010,East Lothian,Male,1,Middle HLE,2,High HLE,0.02738377185788923,0.36243074210416837,0.6101854860379425,6
Support Vector Machine,22,S12000011,East Renfrewshire,Female,2,High HLE,2,High HLE,0.07261435766343648,0.2612943144109454,0.6660913279256183,7
Support Vector Machine,23,S12000011,East Renfrewshire,Male,2,High HLE,2,High HLE,0.05687206550728521,0.28737187068075914,0.6557560638119556,7
Support Vector Machine,24,S12000014,Falkirk,Female,1,Middle HLE,0,Low HLE,0.580807468762633,0.3420227774359704,0.07716975380139644,1
Support Vector Machine,25,S12000014,Falkirk,Male,1,Middle HLE,1,Middle HLE,0.37038646305409606,0.533126136075495,0.09648740087040845,1
Support Vector Machine,26,S12000047,Fife,Female,1,Middle HLE,0,Low HLE,0.7553546181608911,0.16407601858320206,0.08056936325590683,2
Support Vector Machine,27,S12000047,Fife,Male,1,Middle HLE,0,Low HLE,0.8026707352062288,0.11902444191266552,0.07830482288110562,2
Support Vector Machine,28,S12000049,Glasgow City,Female,0,Low HLE,2,High HLE,0.3319779364581518,0.19674589068777154,0.47127617285407647,8
Support Vector Machine,29,S12000049,Glasgow City,Male,0,Low HLE,2,High HLE,0.3277033313464313,0.1804307900081458,0.49186587864542297,8
Support Vector Machine,30,S12000017,Highland,Female,1,Middle HLE,1,Middle HLE,0.05338371022977492,0.6004815390255784,0.34613475074464645,3
Support Vector Machine,31,S12000017,Highland,Male,1,Middle HLE,1,Middle HLE,0.09102517251262776,0.491283108515957,0.41769171897141505,3
Support Vector Machine,32,S12000018,Inverclyde,Female,0,Low HLE,0,Low HLE,0.8700534162435224,0.09477608716919096,0.035170496587286486,7
Support Vector Machine,33,S12000018,Inverclyde,Male,0,Low HLE,0,Low HLE,0.9055031418656518,0.06766102984974659,0.026835828284601636,7
Support Vector Machine,34,S12000019,Midlothian,Female,1,Middle HLE,1,Middle HLE,0.17781566191344628,0.5375351093985755,0.2846492286879782,1
Support Vector Machine,35,S12000019,Midlothian,Male,1,Middle HLE,1,Middle HLE,0.11063230421286985,0.5472866256440404,0.3420810701430896,1
Support Vector Machine,36,S12000020,Moray,Female,2,High HLE,2,High HLE,0.004933696294848497,0.01509764636327242,0.979968657341879,8
Support Vector Machine,37,S12000020,Moray,Male,1,Middle HLE,2,High HLE,0.011199249281896083,0.06543218690603306,0.9233685638120709,8
Support Vector Machine,38,S12000013,Na h-Eileanan Siar,Female,2,High HLE,2,High HLE,0.0048315402314448586,0.03405237900144832,0.9611160807671066,8
Support Vector Machine,39,S12000013,Na h-Eileanan Siar,Male,2,High HLE,2,High HLE,0.011641337970474721,0.09298300647454102,0.8953756555549843,8
Support Vector Machine,40,S12000021,North Ayrshire,Female,0,Low HLE,0,Low HLE,0.9811127864276282,0.009465121630058883,0.009422091942312756,2
Support Vector Machine,41,S12000021,North Ayrshire,Male,0,Low HLE,0,Low HLE,0.9922522298664264,0.003648278091593012,0.004099492041980697,2
Support Vector Machine,42,S12000050,North Lanarkshire,Female,0,Low HLE,0,Low HLE,0.9485335487685673,0.04378037488060744,0.007686076350825207,5
Support Vector Machine,43,S12000050,North Lanarkshire,Male,0,Low HLE,0,Low HLE,0.8819695917958742,0.1067383824828854,0.011292025721240448,5
Support Vector Machine,44,S12000023,Orkney Islands,Female,2,High HLE,2,High HLE,0.009202263232620515,0.2439758643794225,0.7468218723879569,5
Support Vector Machine,45,S12000023,Orkney Islands,Male,2,High HLE,2,High HLE,0.020592470995203362,0.4407708351598528,0.5386366938449437,5
Support Vector Machine,46,S12000048,Perth and Kinross,Female,2,High HLE,2,High HLE,0.03288884586654754,0.4442763423371998,0.5228348117962528,4
Support Vector Machine,47,S12000048,Perth and Kinross,Male,2,High HLE,2,High HLE,0.03372852817198418,0.31357382684446655,0.6526976449835493,4
Support Vector Machine,48,S12000038,Renfrewshire,Female,0,Low HLE,0,Low HLE,0.5435496192187029,0.4098090555092856,0.04664132527201161,3
Support Vector Machine,49,S12000038,Renfrewshire,Male,0,Low HLE,0,Low HLE,0.5904806271178001,0.3814472194138735,0.0280721534683264,3
Support Vector Machine,50,S12000026,Scottish Borders,Female,2,High HLE,2,High HLE,0.021984500215338963,0.46583905903011397,0.5121764407545467,5
Support Vector Machine,51,S12000026,Scottish Borders,Male,2,High HLE,1,Middle HLE,0.030038785054825264,0.6387216573110224,0.3312395576341522,5
Support Vector Machine,52,S12000027,Shetland Islands,Female,2,High HLE,1,Middle HLE,0.020823270859780314,0.5384886463215972,0.4406880828186227,7
Support Vector Machine,53,S12000027,Shetland Islands,Male,2,High HLE,2,High HLE,0.04403556885347842,0.35494720878497893,0.6010172223615426,7
Support Vector Machine,54,S12000028,South Ayrshire,Female,0,Low HLE,1,Middle HLE,0.28157034330916075,0.5540932590770381,0.16433639761380112,1
Support Vector Machine,55,S12000028,South Ayrshire,Male,0,Low HLE,1,Middle HLE,0.2540288972987587,0.607318820088215,0.13865228261302634,1
Support Vector Machine,56,S12000029,South Lanarkshire,Female,0,Low HLE,0,Low HLE,0.698344842487162,0.24442210509669904,0.05723305241613896,2
Support Vector Machine,57,S12000029,South Lanarkshire,Male,0,Low HLE,0,Low HLE,0.5041979228552232,0.4256806289314621,0.07012144821331459,2
Support Vector Machine,58,S12000030,Stirling,Female,1,Middle HLE,2,High HLE,0.0464077114373047,0.4153584715853969,0.5382338169772984,5
Support Vector Machine,59,S12000030,Stirling,Male,1,Middle HLE,2,High HLE,0.057635265413371946,0.49744430942044987,0.44492042516617814,5
Support Vector Machine,60,S12000039,West Dunbartonshire,Female,0,Low HLE,0,Low HLE,0.7877733197948259,0.1670829489767098,0.04514373122846442,4
Support Vector Machine,61,S12000039,West Dunbartonshire,Male,0,Low HLE,0,Low HLE,0.867501616994164,0.11309617435197326,0.019402208653862652,4
Support Vector Machine,62,S12000040,West Lothian,Female,1,Middle HLE,1,Middle HLE,0.24502393178065135,0.6461050978650075,0.10887097035434096,3
Support Vector Machine,63,S12000040,West Lothian,Male,1,Middle HLE,1,Middle HLE,0.2965616759138833,0.6154967637161377,0.0879415603699792,3
k-Nearest Neighbours,0,S12000033,Aberdeen City,Female,1,Middle HLE,1,Middle HLE,0.14285714285714285,0.42857142857142855,0.42857142857142855,7
k-Nearest Neighbours,1,S12000033,Aberdeen City,Male,1,Middle HLE,1,Middle HLE,0.14285714285714285,0.5714285714285714,0.2857142857142857,7
k-Nearest Neighbours,2,S12000034,Aberdeenshire,Female,2,High HLE,2,High HLE,0.0,0.3333333333333333,0.6666666666666666,2
k-Nearest Neighbours,3,S12000034,Aberdeenshire,Male,2,High HLE,1,Middle HLE,0.0,0.6666666666666666,0.3333333333333333,2
k-Nearest Neighbours,4,S12000041,Angus,Female,2,High HLE,1,Middle HLE,0.0,0.5714285714285714,0.42857142857142855,1
k-Nearest Neighbours,5,S12000041,Angus,Male,2,High HLE,1,Middle HLE,0.0,0.5714285714285714,0.42857142857142855,1
k-Nearest Neighbours,6,S12000035,Argyll and Bute,Female,1,Middle HLE,1,Middle HLE,0.0,0.5714285714285714,0.42857142857142855,4
k-Nearest Neighbours,7,S12000035,Argyll and Bute,Male,1,Middle HLE,2,High HLE,0.0,0.42857142857142855,0.5714285714285714,4
k-Nearest Neighbours,8,S12000036,City of Edinburgh,Female,2,High HLE,2,High HLE,0.0,0.42857142857142855,0.5714285714285714,6
k-Nearest Neighbours,9,S12000036,City of Edinburgh,Male,2,High HLE,2,High HLE,0.0,0.42857142857142855,0.5714285714285714,6
k-Nearest Neighbours,10,S12000005,Clackmannanshire,Female,0,Low HLE,0,Low HLE,0.7142857142857143,0.2857142857142857,0.0,6
k-Nearest Neighbours,11,S12000005,Clackmannanshire,Male,0,Low HLE,0,Low HLE,0.8571428571428571,0.14285714285714285,0.0,6
k-Nearest Neighbours,12,S12000006,Dumfries and Galloway,Female,1,Middle HLE,1,Middle HLE,0.14285714285714285,0.5714285714285714,0.2857142857142857,8
k-Nearest Neighbours,13,S12000006,Dumfries and Galloway,Male,1,Middle HLE,1,Middle HLE,0.14285714285714285,0.42857142857142855,0.42857142857142855,8
k-Nearest Neighbours,14,S12000042,Dundee City,Female,0,Low HLE,0,Low HLE,0.8571428571428571,0.14285714285714285,0.0,4
k-Nearest Neighbours,15,S12000042,Dundee City,Male,0,Low HLE,0,Low HLE,0.8571428571428571,0.14285714285714285,0.0,4
k-Nearest Neighbours,16,S12000008,East Ayrshire,Female,0,Low HLE,0,Low HLE,0.7142857142857143,0.2857142857142857,0.0,6
k-Nearest Neighbours,17,S12000008,East Ayrshire,Male,0,Low HLE,0,Low HLE,0.8571428571428571,0.14285714285714285,0.0,6
k-Nearest Neighbours,18,S12000045,East Dunbartonshire,Female,2,High HLE,1,Middle HLE,0.0,0.6,0.4,3
k-Nearest Neighbours,19,S12000045,East Dunbartonshire,Male,2,High HLE,1,Middle HLE,0.0,0.6,0.4,3
k-Nearest Neighbours,20,S12000010,East Lothian,Female,1,Middle HLE,2,High HLE,0.0,0.2857142857142857,0.7142857142857143,6
k-Nearest Neighbours,21,S12000010,East Lothian,Male,1,Middle HLE,2,High HLE,0.0,0.42857142857142855,0.5714285714285714,6
k-Nearest Neighbours,22,S12000011,East Renfrewshire,Female,2,High HLE,2,High HLE,0.0,0.42857142857142855,0.5714285714285714,7
k-Nearest Neighbours,23,S12000011,East Renfrewshire,Male,2,High HLE,2,High HLE,0.0,0.2857142857142857,0.7142857142857143,7
k-Nearest Neighbours,24,S12000014,Falkirk,Female,1,Middle HLE,0,Low HLE,0.7142857142857143,0.2857142857142857,0.0,1
k-Nearest Neighbours,25,S12000014,Falkirk,Male,1,Middle HLE,1,Middle HLE,0.42857142857142855,0.5714285714285714,0.0,1
k-Nearest Neighbours,26,S12000047,Fife,Female,1,Middle HLE,0,Low HLE,0.6666666666666666,0.0,0.3333333333333333,2
k-Nearest Neighbours,27,S12000047,Fife,Male,1,Middle HLE,0,Low HLE,1.0,0.0,0.0,2
k-Nearest Neighbours,28,S12000049,Glasgow City,Female,0,Low HLE,0,Low HLE,0.8571428571428571,0.14285714285714285,0.0,8
k-Nearest Neighbours,29,S12000049,Glasgow City,Male,0,Low HLE,0,Low HLE,0.8571428571428571,0.14285714285714285,0.0,8
k-Nearest Neighbours,30,S12000017,Highland,Female,1,Middle HLE,2,High HLE,0.0,0.2,0.8,3
k-Nearest Neighbours,31,S12000017,Highland,Male,1,Middle HLE,2,High HLE,0.0,0.4,0.6,3
k-Nearest Neighbours,32,S12000018,Inverclyde,Female,0,Low HLE,0,Low HLE,1.0,0.0,0.0,7
k-Nearest Neighbours,33,S12000018,Inverclyde,Male,0,Low HLE,0,Low HLE,1.0,0.0,0.0,7
k-Nearest Neighbours,34,S12000019,Midlothian,Female,1,Middle HLE,1,Middle HLE,0.2857142857142857,0.42857142857142855,0.2857142857142857,1
k-Nearest Neighbours,35,S12000019,Midlothian,Male,1,Middle HLE,1,Middle HLE,0.14285714285714285,0.5714285714285714,0.2857142857142857,1
k-Nearest Neighbours,36,S12000020,Moray,Female,2,High HLE,2,High HLE,0.0,0.2857142857142857,0.7142857142857143,8
k-Nearest Neighbours,37,S12000020,Moray,Male,1,Middle HLE,1,Middle HLE,0.0,0.5714285714285714,0.42857142857142855,8
k-Nearest Neighbours,38,S12000013,Na h-Eileanan Siar,Female,2,High HLE,2,High HLE,0.0,0.2857142857142857,0.7142857142857143,8
k-Nearest Neighbours,39,S12000013,Na h-Eileanan Siar,Male,2,High HLE,2,High HLE,0.0,0.42857142857142855,0.5714285714285714,8
k-Nearest Neighbours,40,S12000021,North Ayrshire,Female,0,Low HLE,0,Low HLE,1.0,0.0,0.0,2
k-Nearest Neighbours,41,S12000021,North Ayrshire,Male,0,Low HLE,0,Low HLE,1.0,0.0,0.0,2
k-Nearest Neighbours,42,S12000050,North Lanarkshire,Female,0,Low HLE,0,Low HLE,0.8571428571428571,0.14285714285714285,0.0,5
k-Nearest Neighbours,43,S12000050,North Lanarkshire,Male,0,Low HLE,0,Low HLE,0.7142857142857143,0.2857142857142857,0.0,5
k-Nearest Neighbours,44,S12000023,Orkney Islands,Female,2,High HLE,2,High HLE,0.0,0.2857142857142857,0.7142857142857143,5
k-Nearest Neighbours,45,S12000023,Orkney Islands,Male,2,High HLE,2,High HLE,0.0,0.42857142857142855,0.5714285714285714,5
k-Nearest Neighbours,46,S12000048,Perth and Kinross,Female,2,High HLE,2,High HLE,0.0,0.42857142857142855,0.5714285714285714,4
k-Nearest Neighbours,47,S12000048,Perth and Kinross,Male,2,High HLE,2,High HLE,0.0,0.42857142857142855,0.5714285714285714,4
k-Nearest Neighbours,48,S12000038,Renfrewshire,Female,0,Low HLE,1,Middle HLE,0.4,0.6,0.0,3
k-Nearest Neighbours,49,S12000038,Renfrewshire,Male,0,Low HLE,0,Low HLE,0.6,0.4,0.0,3
k-Nearest Neighbours,50,S12000026,Scottish Borders,Female,2,High HLE,2,High HLE,0.0,0.42857142857142855,0.5714285714285714,5
k-Nearest Neighbours,51,S12000026,Scottish Borders,Male,2,High HLE,1,Middle HLE,0.0,0.5714285714285714,0.42857142857142855,5
k-Nearest Neighbours,52,S12000027,Shetland Islands,Female,2,High HLE,2,High HLE,0.0,0.42857142857142855,0.5714285714285714,7
k-Nearest Neighbours,53,S12000027,Shetland Islands,Male,2,High HLE,1,Middle HLE,0.0,0.5714285714285714,0.42857142857142855,7
k-Nearest Neighbours,54,S12000028,South Ayrshire,Female,0,Low HLE,0,Low HLE,0.42857142857142855,0.42857142857142855,0.14285714285714285,1
k-Nearest Neighbours,55,S12000028,South Ayrshire,Male,0,Low HLE,0,Low HLE,0.42857142857142855,0.42857142857142855,0.14285714285714285,1
k-Nearest Neighbours,56,S12000029,South Lanarkshire,Female,0,Low HLE,1,Middle HLE,0.3333333333333333,0.6666666666666666,0.0,2
k-Nearest Neighbours,57,S12000029,South Lanarkshire,Male,0,Low HLE,1,Middle HLE,0.3333333333333333,0.6666666666666666,0.0,2
k-Nearest Neighbours,58,S12000030,Stirling,Female,1,Middle HLE,2,High HLE,0.0,0.42857142857142855,0.5714285714285714,5
k-Nearest Neighbours,59,S12000030,Stirling,Male,1,Middle HLE,2,High HLE,0.0,0.42857142857142855,0.5714285714285714,5
k-Nearest Neighbours,60,S12000039,West Dunbartonshire,Female,0,Low HLE,0,Low HLE,0.8571428571428571,0.14285714285714285,0.0,4
k-Nearest Neighbours,61,S12000039,West Dunbartonshire,Male,0,Low HLE,0,Low HLE,1.0,0.0,0.0,4
k-Nearest Neighbours,62,S12000040,West Lothian,Female,1,Middle HLE,1,Middle HLE,0.4,0.6,0.0,3
k-Nearest Neighbours,63,S12000040,West Lothian,Male,1,Middle HLE,1,Middle HLE,0.2,0.8,0.0,3
